<?xml version="1.0" encoding="UTF-8"?>
<project-private xmlns="http://www.netbeans.org/ns/project-private/1">
    <editor-bookmarks xmlns="http://www.netbeans.org/ns/editor-bookmarks/2" lastBookmarkId="0"/>
    <open-files xmlns="http://www.netbeans.org/ns/projectui-open-files/2">
        <group>
            <file>file:/F:/Monash%20S2%20IT/FIT5046_mobile_distribute_computer_system/MyMovieMemoir/www6/src/java/service/MemoirFacadeREST.java</file>
            <file>file:/F:/Monash%20S2%20IT/FIT5046_mobile_distribute_computer_system/MyMovieMemoir/www6/src/java/service/PersonFacadeREST.java</file>
            <file>file:/F:/Monash%20S2%20IT/FIT5046_mobile_distribute_computer_system/MyMovieMemoir/www6/src/java/mmm6/Memoir.java</file>
        </group>
    </open-files>
</project-private>
